 ,Label,slice,Saturated,J.D.-2400000,JD_UTC,JD_SOBS,HJD_UTC,BJD_TDB,AIRMASS,ALT_OBJ,CCD-TEMP,EXPTIME,RAOBJ2K,DECOBJ2K,Source_Radius,Sky_Rad(min),Sky_Rad(max),rel_flux_T1,rel_flux_C2,rel_flux_C3,rel_flux_err_T1,rel_flux_err_C2,rel_flux_err_C3,rel_flux_SNR_T1,rel_flux_SNR_C2,rel_flux_SNR_C3,tot_C_cnts,tot_C_err,X(IJ)_T1,Y(IJ)_T1,X(FITS)_T1,Y(FITS)_T1,Source-Sky_T1,Source_Error_T1,Source_AMag_T1,Source_AMag_Err_T1,Source_SNR_T1,Peak_T1,Mean_T1,Sky/Pixel_T1,Width_T1,X-Width_T1,Y-Width_T1,Angle_T1,Roundness_T1,X(IJ)_C2,Y(IJ)_C2,X(FITS)_C2,Y(FITS)_C2,Source-Sky_C2,Source_Error_C2,Source_AMag_C2,Source_AMag_Err_C2,Source_SNR_C2,Peak_C2,Mean_C2,Sky/Pixel_C2,Width_C2,X-Width_C2,Y-Width_C2,Angle_C2,Roundness_C2,X(IJ)_C3,Y(IJ)_C3,X(FITS)_C3,Y(FITS)_C3,Source-Sky_C3,Source_Error_C3,Source_AMag_C3,Source_AMag_Err_C3,Source_SNR_C3,Peak_C3,Mean_C3,Sky/Pixel_C3,Width_C3,X-Width_C3,Y-Width_C3,Angle_C3,Roundness_C3
9,DqCep_V_15s_001_out.FIT,1,0,58024.59935,2458024.599,2458024.599,2458024.605,NaN,2.125226,27.939581,5.325188,15,0,0,12,20,30,1.803008,0.218051,4.586087,0.002767,0.000872,0.018333,651.615651,250.158991,250.158991,588101.2065,754.316575,624.223867,115.625167,624.723867,394.874833,1060351.436,893.468168,7.328507,0.001665,1186.781437,64616,2547.192731,211.616881,5.237784,5.004856,5.470712,299.488241,0.970337,662.258155,281.381306,662.758155,229.118694,105279.6356,396.929548,9.76,0.004086,265.235068,8205.5,440.388216,208.494745,5.07303,5.001679,5.144381,306.442085,0.990868,136.021771,375.80618,136.521771,134.69382,482821.5709,641.436224,8.2,0.001441,752.719527,45544,1275.401648,214.255339,4.519506,4.243445,4.795567,82.002128,0.983969
10,DqCep_V_15s_002_out.FIT,2,0,58024.59966,2458024.6,2458024.6,2458024.605,NaN,2.120145,28.013202,5.325188,15,0,0,12,20,30,1.856147,0.218345,4.579916,0.002839,0.00087,0.018248,653.772629,250.980568,250.980568,586363.6843,753.284038,625.820301,116.543929,626.320301,393.956071,1088377.304,903.58169,7.296971,0.001659,1204.514562,64618.25,2609.151432,211.844595,5.391263,5.138089,5.644437,294.910065,0.978903,663.965002,282.28563,664.465002,228.21437,105084.6754,394.558363,9.76,0.004069,266.334933,7205.75,439.959161,207.98416,5.280971,5.084807,5.477136,293.773833,0.987919,137.626273,376.770831,138.126273,133.729169,481279.0089,641.685702,8.2,0.001447,750.022959,40643,1275.376652,215.290729,4.76651,4.381474,5.151547,85.056791,0.973453
11,DqCep_V_15s_003_out.FIT,3,0,58024.59996,2458024.6,2458024.6,2458024.606,NaN,2.115283,28.084032,5.325188,15,0,0,12,20,30,1.87723,0.221257,4.519634,0.002874,0.000878,0.017942,653.070501,251.901775,251.901775,581982.3664,749.844443,627.519081,119.425327,628.019081,391.074673,1092514.635,903.955409,7.284708,0.001661,1208.593503,63706.25,2672.300113,211.681565,5.538411,5.367528,5.709294,301.652347,0.981168,665.689422,285.094695,666.189422,225.405305,105438.5768,394.052026,9.76,0.00405,267.575269,6573,440.876659,207.605472,5.719944,5.612431,5.827457,68.596845,0.997376,139.328526,379.705162,139.828526,130.794838,476543.7896,637.957436,8.2,0.001453,746.983675,35422.25,1267.259934,215.286888,4.895355,4.638886,5.151824,83.931434,0.988576
12,DqCep_V_15s_004_out.FIT,4,0,58024.60027,2458024.6,2458024.6,2458024.606,NaN,2.110265,28.157521,5.325188,15,0,0,12,20,30,1.844238,0.213767,4.67799,0.002817,0.00086,0.018817,654.618903,248.598939,248.598939,587589.5651,752.741089,630.496485,122.200512,630.996485,388.299488,1083654.941,901.748579,7.303959,0.001657,1201.726253,64616.75,2608.598451,211.131767,5.375605,5.221906,5.529303,299.513308,0.987674,668.634158,287.898753,669.134158,222.601247,103485.4892,393.001457,9.76,0.004115,263.320879,7271,436.21696,208.275354,5.679494,5.934415,5.424573,32.550406,0.954721,142.344835,382.469695,142.844835,128.030305,484104.0759,642.003896,8.2,0.001439,754.051617,43022,1292.186526,214.003728,4.777536,4.622539,4.932533,65.405582,0.990164
13,DqCep_V_15s_005_out.FIT,5,0,58024.60058,2458024.601,2458024.6,2458024.606,NaN,2.105278,28.230942,4.88976,15,0,0,12,20,30,1.839165,0.21595,4.630704,0.002817,0.000865,0.01854,652.819685,249.772668,249.772668,584693.1466,750.682454,633.214876,124.682854,633.714876,385.817146,1075347.019,898.468387,7.30695,0.001662,1196.866839,64616.75,2584.523179,210.6887,5.261197,5.025837,5.496558,294.251838,0.981838,671.330248,290.40307,671.830248,220.09693,103840.1573,392.081706,9.76,0.004092,264.843158,7553.25,439.283889,208.527984,5.157493,5.09536,5.219625,292.966938,0.9988,144.99635,385.002016,145.49635,125.497984,480852.9893,640.153171,8.2,0.001444,751.153022,42756.5,1288.801339,215.468774,4.558487,4.224389,4.892586,76.779179,0.973485
14,DqCep_V_15s_006_out.FIT,6,0,58024.6009,2458024.601,2458024.601,2458024.607,NaN,2.100323,28.304295,5.325188,15,0,0,12,20,30,1.850168,0.218668,4.573138,0.002827,0.000868,0.018157,654.428754,251.860728,251.860728,587182.2266,752.85698,613.652967,113.823976,614.152967,396.676024,1086385.488,903.088424,7.300474,0.001658,1202.966906,54168.25,2610.185982,211.984023,5.709214,5.406717,6.011711,79.039812,0.987025,651.861147,279.558034,652.361147,230.941966,105359.3502,394.106464,9.76,0.004054,267.33728,5916.5,440.455199,207.359292,6.030756,6.196562,5.864951,35.65857,0.970579,125.567279,374.214773,126.067279,136.285227,481822.8764,641.462179,8.2,0.001445,751.132167,31923.5,1279.373068,215.74641,5.145707,4.697385,5.59403,66.692716,0.936614
15,DqCep_V_15s_007_out.FIT,7,0,58024.6012,2458024.601,2458024.601,2458024.607,NaN,2.095581,28.374868,4.88976,15,0,0,12,20,30,1.870231,0.219192,4.562212,0.002857,0.000871,0.018135,654.693756,251.563497,251.563497,585308.0341,751.455938,619.593135,118.867951,620.093135,391.632049,1094661.371,905.822021,7.288763,0.001657,1208.472908,51042.5,2627.359823,210.888806,5.756047,5.803033,5.709061,38.400965,0.994888,657.855649,284.484652,658.355649,226.015348,105229.3603,394.090623,9.76,0.004059,267.018179,5376.75,439.943584,207.135265,5.746009,5.853272,5.638745,36.726809,0.982826,131.400189,379.334385,131.900189,131.165615,480078.6737,639.827014,8.2,0.001446,750.325733,31366.75,1281.903333,215.061836,5.151275,5.235482,5.067068,40.54408,0.955485
16,DqCep_V_15s_008_out.FIT,8,0,58024.60151,2458024.602,2458024.601,2458024.607,NaN,2.090686,28.448087,5.325188,15,0,0,12,20,30,1.845224,0.21591,4.631564,0.002817,0.000862,0.018492,655.145418,250.457283,250.457283,588849.7145,753.964912,626.217496,123.624243,626.717496,386.875757,1086559.518,902.825804,7.303379,0.001656,1203.509595,51154.75,2603.773678,210.470774,5.793095,5.667944,5.918247,56.942484,0.988624,664.491369,289.311002,664.991369,221.188998,104562.375,393.727064,9.76,0.004081,265.570707,5098.75,441.256667,208.895833,6.018836,5.73028,6.307392,56.385446,0.93891,138.18267,384.116142,138.68267,126.383858,484287.3395,642.994625,8.2,0.001441,753.174787,32221.75,1281.998899,215.286697,5.218926,5.088443,5.34941,50.06922,0.919405
17,DqCep_V_15s_009_out.FIT,9,0,58024.60182,2458024.602,2458024.602,2458024.608,NaN,2.085823,28.521238,5.325188,15,0,0,12,20,30,1.864191,0.211178,4.735345,0.002848,0.000856,0.019196,654.620448,246.685774,246.685774,586463.5495,753.044715,602.402325,109.610034,602.902325,400.889966,1093280.149,904.719836,7.292276,0.001657,1208.418458,37127,2657.267338,211.45045,6.583281,7.181367,5.985194,26.390495,0.911234,640.741338,275.224428,641.241338,235.275572,102254.2709,391.625767,9.76,0.00415,261.102,4333.25,435.118071,208.390198,6.568064,7.110188,6.02594,27.63979,0.917132,114.424819,370.164681,114.924819,140.335319,484209.2786,643.199504,8.2,0.001441,752.813514,22480.25,1282.808921,216.26866,6.10616,6.703661,5.508659,31.940323,0.806117
18,DqCep_V_15s_010_out.FIT,10,0,58024.60212,2458024.602,2458024.602,2458024.608,NaN,2.081168,28.591615,5.325188,15,0,0,12,20,30,1.856891,0.217072,4.60677,0.002836,0.000867,0.01841,654.75997,250.235074,250.235074,587723.8454,754.205507,612.616898,117.562699,613.116898,392.937301,1091339.043,903.775292,7.296536,0.001657,1207.533612,40402.5,2648.252232,212.227582,6.646246,6.730808,6.561684,42.284686,0.927729,650.931249,283.190789,651.431249,227.309211,104823.9691,395.003474,9.76,0.004084,265.374803,4305.25,438.876652,207.986852,6.867364,7.504064,6.230665,23.306283,0.928371,124.609333,378.156096,125.109333,132.343904,482899.8763,642.493738,8.2,0.001444,751.602464,25201.5,1282.419978,216.415836,6.216451,6.34921,6.083692,42.108797,0.82044
19,DqCep_V_15s_011_out.FIT,11,0,58024.60244,2458024.602,2458024.602,2458024.608,NaN,2.076363,28.66463,5.325188,15,0,0,12,20,30,1.860937,0.216886,4.610716,0.002837,0.000864,0.018361,656.065889,251.10828,251.10828,588558.7396,753.346912,619.009615,126.939603,619.509615,383.560397,1095270.994,906.454954,7.294172,0.001654,1208.301625,41928.75,2630.19702,212.380255,6.285552,6.38713,6.183974,41.176027,0.94105,657.33806,292.628091,657.83806,217.871909,104899.0457,393.840264,9.76,0.004069,266.349217,4528.25,441.607461,207.979297,6.792006,6.409336,7.174677,67.265331,0.974345,130.963403,387.591087,131.463403,122.908913,483659.6939,642.200449,8.2,0.001441,753.128863,24868,1280.399229,215.069507,5.765626,5.823803,5.707448,43.603774,0.828442
20,DqCep_V_15s_012_out.FIT,12,0,58024.60275,2458024.603,2458024.603,2458024.609,NaN,2.071589,28.737575,5.325188,15,0,0,12,20,30,1.85826,0.214608,4.659662,0.002835,0.000863,0.018729,655.552448,248.790344,248.790344,588187.0832,753.49156,630.327081,135.090264,630.827081,375.409736,1093004.285,905.199253,7.295736,0.001655,1207.473693,41414.75,2630.256637,212.105564,6.412865,6.465181,6.360549,42.923684,0.94924,668.546352,300.803377,669.046352,209.696623,103926.189,394.345793,9.76,0.004112,263.540758,4437.5,437.594923,208.177287,6.444146,6.548167,6.340125,41.388246,0.934113,142.312472,395.754905,142.812472,114.745095,484260.8942,642.059908,8.2,0.001439,754.230077,23461,1284.707506,215.698909,5.903718,6.053043,5.754393,41.168765,0.856247
21,DqCep_V_15s_013_out.FIT,13,0,58024.60306,2458024.603,2458024.603,2458024.609,NaN,2.066844,28.810451,5.325188,15,0,0,12,20,30,1.864956,0.215229,4.64622,0.002856,0.000865,0.018669,652.926369,248.878245,248.878245,583600.5006,751.125412,641.837338,141.435221,642.337338,369.064779,1088389.369,903.551324,7.29183,0.001662,1204.568395,46762,2619.34292,211.401839,6.005825,6.183901,5.82775,31.023584,0.984023,680.122548,307.115914,680.622548,203.384086,103361.2675,391.732787,9.76,0.004107,263.856565,4517.5,436.451435,208.280866,5.809867,5.915376,5.704358,36.061827,0.986009,153.838183,402.055608,154.338183,108.444392,480239.2331,640.885955,8.2,0.001448,749.336492,27036,1273.485683,215.690015,5.427972,5.564026,5.291919,39.251843,0.936814
22,DqCep_V_15s_014_out.FIT,14,0,58024.60336,2458024.603,2458024.603,2458024.609,NaN,2.062303,28.880561,5.325188,15,0,0,12,20,30,1.852939,0.212087,4.715046,0.002835,0.000859,0.0191,653.643048,246.856893,246.856893,586170.1722,752.919284,649.732429,147.140016,650.232429,363.359984,1086137.502,902.66157,7.298849,0.00166,1203.261043,49789.75,2614.165376,211.206302,6.02446,5.824235,6.224684,61.191337,0.98463,687.987332,312.823867,688.487332,197.676133,102566.1374,392.506286,9.76,0.004147,261.310815,5134.25,433.521429,208.101346,5.906509,5.835268,5.97775,51.300294,0.987776,161.684913,407.771007,162.184913,102.728993,483604.0348,642.515575,8.2,0.001442,752.672859,27245,1282.460817,214.902241,5.51978,5.250054,5.789507,55.850311,0.930472
23,DqCep_V_15s_015_out.FIT,15,0,58024.60368,2458024.604,2458024.604,2458024.609,NaN,2.057616,28.953299,5.325188,15,0,0,12,20,30,1.888405,0.218247,4.581973,0.002902,0.000877,0.018418,650.683584,248.77524,248.77524,579367.6951,749.976341,612.551391,119.809166,613.051391,390.690834,1094080.902,906.326239,7.278264,0.001667,1207.160132,51870.5,2628.091611,212.901983,5.919527,5.947136,5.891917,42.701,0.98646,650.936128,285.44392,651.436128,225.05608,103792.6388,393.246424,9.76,0.004106,263.937909,5710.75,437.980684,208.857861,6.249873,6.703111,5.796636,350.04098,0.97645,124.688598,380.599326,125.188598,129.900674,475575.0563,638.609241,8.2,0.001457,744.704313,31739.5,1267.282009,217.447447,5.350325,5.41069,5.28996,42.801609,0.913385
24,DqCep_V_15s_016_out.FIT,16,0,58024.60399,2458024.604,2458024.604,2458024.61,NaN,2.052957,29.025965,5.325188,15,0,0,12,20,30,1.86663,0.218002,4.587115,0.002853,0.00087,0.018298,654.155586,250.691893,250.691893,585744.886,752.719939,617.867674,124.414659,618.367674,386.085341,1093368.851,905.252149,7.290856,0.001658,1207.805861,54212.5,2625.503311,211.885538,5.973582,5.897012,6.050152,54.404385,0.99368,656.213503,290.064553,656.713503,220.435447,104838.5255,394.137316,9.76,0.004074,265.994924,5206.5,439.533664,208.102041,6.412954,6.210153,6.615756,275.162099,0.995875,130.011366,385.278189,130.511366,125.221811,480906.3605,641.282374,8.2,0.001447,749.91358,29845.5,1275.645374,216.380263,5.371556,5.203524,5.539587,53.092464,0.94972
25,DqCep_V_15s_017_out.FIT,17,0,58024.6043,2458024.604,2458024.604,2458024.61,NaN,2.048328,29.098561,4.88976,15,0,0,12,20,30,1.842478,0.217655,4.594417,0.002815,0.000867,0.018292,654.482952,251.169018,251.169018,588432.0099,753.90779,622.472329,127.881198,622.972329,382.618802,1084173.12,902.56318,7.304996,0.001658,1201.215764,58916,2606.249448,212.931302,5.617022,5.530212,5.703831,296.01822,0.997477,660.825876,293.486133,661.325876,217.013867,105182.0099,394.745401,9.76,0.004067,266.455314,6512.75,441.821508,208.601974,6.279043,5.560266,6.997819,88.861266,0.948851,134.554192,388.659734,135.054192,121.840266,483250,642.302907,8.2,0.001442,752.370875,35818.75,1290.638889,216.75,4.999533,4.908141,5.090926,52.561836,0.980377
26,DqCep_V_15s_018_out.FIT,18,0,58024.6046,2458024.605,2458024.605,2458024.61,NaN,2.043896,29.1684,5.325188,15,0,0,12,20,30,1.857117,0.215249,4.645784,0.002847,0.000868,0.018738,652.194714,247.935481,247.935481,583645.5397,751.82169,626.529529,131.351198,627.029529,379.148802,1083898.042,901.42041,7.296403,0.001663,1202.433437,64611.5,2631.274554,211.859281,5.585331,5.432428,5.738234,304.127246,0.978193,664.913338,296.966849,665.413338,213.533151,103377.2434,393.489985,9.76,0.004125,262.718868,7048.5,436.271523,208.065688,5.35488,5.275887,5.433874,308.183495,0.984339,138.684041,392.141549,139.184041,118.358451,480268.2962,640.625855,8.2,0.001447,749.686097,37401.75,1277.284845,214.744367,5.031241,4.848143,5.214339,275.946492,0.994482
27,DqCep_V_15s_019_out.FIT,19,0,58024.60491,2458024.605,2458024.605,2458024.611,NaN,2.039323,29.240855,5.325188,15,0,0,12,20,30,1.829857,0.210751,4.744946,0.002806,0.000855,0.019258,652.11578,246.384415,246.384415,585673.8996,752.350747,628.413919,133.123651,628.913919,377.376349,1071699.509,897.518253,7.312459,0.001664,1194.069875,64621.25,2578.3383,212.55572,5.370198,5.050401,5.689995,293.220065,0.97034,666.790684,298.782519,667.290684,211.717481,101945.9343,390.963021,9.76,0.004156,260.755951,8079.5,434.738914,208.694713,5.140308,4.938123,5.342492,298.991958,0.97805,140.515327,394.083855,141.015327,116.416145,483727.9653,642.79045,8.2,0.001442,752.543796,46703.75,1280.614537,215.134438,4.727929,4.386405,5.069452,89.431202,0.979336
28,DqCep_V_15s_020_out.FIT,20,0,58024.60523,2458024.605,2458024.605,2458024.611,NaN,2.034777,29.313237,5.325188,15,0,0,12,20,30,1.808642,0.210828,4.743195,0.002776,0.000858,0.019292,651.526452,245.862834,245.862834,586695.8922,753.510144,629.528963,134.465924,630.028963,376.034076,1061122.65,891.776908,7.32512,0.001665,1189.89698,64620.5,2618.643991,212.470182,5.239087,5.089831,5.388343,305.035071,0.972105,667.905324,300.108095,668.405324,210.391905,102154.9581,392.754717,9.76,0.004166,260.098616,9173.5,432.514286,207.997894,5.084885,5.11597,5.053799,317.72378,0.983414,141.66417,395.46736,142.16417,115.03264,484540.9341,643.056195,8.2,0.00144,753.497032,56402,1292.262778,215.505146,4.54846,4.296795,4.800125,88.311922,0.987787
29,DqCep_V_15s_021_out.FIT,21,0,58024.60554,2458024.606,2458024.605,2458024.611,NaN,2.030259,29.385547,5.325188,15,0,0,12,20,30,1.82361,0.210738,4.745226,0.002807,0.000861,0.019379,649.737462,244.860766,244.860766,582013.2358,749.443822,612.082303,124.480377,612.582303,386.019623,1061365.045,894.744232,7.316172,0.00167,1186.221723,64616.75,2550.218612,212.410144,5.330349,5.147321,5.513378,298.882991,0.983462,650.467689,290.115949,650.967689,220.384051,101303.804,391.172448,9.76,0.004184,258.974794,8701.5,432.237859,208.609152,4.973747,4.905171,5.042322,307.878509,0.987443,124.332588,385.499674,124.832588,125.000326,480709.4318,639.257506,8.2,0.001443,751.980896,52045.25,1293.965247,216.141409,4.708105,4.484443,4.931766,82.167844,0.990307
30,DqCep_V_15s_022_out.FIT,22,0,58024.60584,2458024.606,2458024.606,2458024.612,NaN,2.025934,29.455111,4.88976,15,0,0,12,20,30,1.82696,0.211212,4.734588,0.002796,0.000854,0.019133,653.481847,247.457144,247.457144,587202.703,752.170234,613.235111,125.702078,613.735111,384.797922,1072796.015,898.146875,7.314179,0.00166,1194.454989,64621.25,2580.317329,212.114205,5.286546,5.125091,5.448001,302.079708,0.980398,651.655034,291.371589,652.155034,219.128411,102396.6703,390.902406,9.76,0.004137,261.94945,8550,436.054566,207.999621,5.231399,5.266603,5.196195,318.91383,0.990235,125.483975,386.783311,125.983975,123.716689,484806.0326,642.616037,8.2,0.001438,754.425668,48237.75,1285.703091,215.491098,4.685798,4.466806,4.90479,82.575104,0.99069
31,DqCep_V_15s_023_out.FIT,23,0,58024.60615,2458024.606,2458024.606,2458024.612,NaN,2.02147,29.527278,4.88976,15,0,0,12,20,30,1.84791,0.211512,4.727868,0.002832,0.00086,0.019214,652.410217,246.060632,246.060632,585294.6872,753.025553,615.323234,127.905365,615.823234,382.594635,1081572.011,901.107784,7.301799,0.001663,1200.269301,64622,2604.221792,211.363361,5.319693,5.101354,5.538031,296.512451,0.981436,653.777362,293.516529,654.277362,216.983471,102183.6814,392.398455,9.76,0.004161,260.407961,7768.5,434.200331,208.629291,5.251078,5.240948,5.261209,313.787274,0.991687,127.609512,389.013486,128.109512,121.486514,483111.0058,642.705949,8.2,0.001443,751.682798,45753.5,1279.520925,215.399767,4.719105,4.483804,4.954406,76.323681,0.987457
32,DqCep_V_15s_024_out.FIT,24,0,58024.60646,2458024.606,2458024.606,2458024.612,NaN,2.017033,29.599371,5.325188,15,0,0,12,20,30,1.818875,0.211601,4.725883,0.002785,0.000856,0.019126,653.148752,247.093114,247.093114,588087.3818,753.643901,618.393599,130.480028,618.893599,380.019972,1069657.208,896.097426,7.318995,0.001661,1193.684054,64617.5,2605.074944,212.105798,5.35593,5.230741,5.481119,304.318459,0.983549,656.87558,296.110487,657.37558,214.389513,102706.8493,392.745405,9.76,0.004144,261.509996,8485.25,435.203642,208.477706,5.214709,5.316457,5.112961,324.766197,0.986387,130.701152,391.629889,131.201152,118.870111,485380.5325,643.218606,8.2,0.001438,754.612083,45874,1287.523179,216.042975,4.708243,4.483474,4.933011,77.826511,0.989067
33,DqCep_V_15s_025_out.FIT,25,0,58024.60678,2458024.607,2458024.607,2458024.613,NaN,2.012624,29.671391,4.88976,15,0,0,12,20,30,1.849272,0.210268,4.755835,0.002832,0.000855,0.019339,653.016129,245.917041,245.917041,585623.1151,752.407298,621.12597,132.848517,621.62597,377.651483,1082976.602,902.415879,7.300999,0.001661,1200.085933,64622.75,2603.010486,212.33366,5.489067,5.33484,5.643294,286.697244,0.995477,659.635831,298.447474,660.135831,212.052526,101744.2539,391.03294,9.76,0.004165,260.193563,6504.75,434.955457,208.353555,5.116524,4.967855,5.265193,300.545354,0.985573,133.468369,394.009419,133.968369,116.490581,483878.8613,642.814112,8.2,0.001441,752.750838,39318,1281.749449,215.93698,4.860235,4.648515,5.071955,59.571287,0.968115
34,DqCep_V_15s_026_out.FIT,26,0,58024.60708,2458024.607,2458024.607,2458024.613,NaN,2.008403,29.740674,5.325188,15,0,0,12,20,30,1.857402,0.208642,4.792891,0.002841,0.000852,0.01958,653.894322,244.781434,244.781434,585885.017,752.430214,625.425917,136.065618,625.925917,374.434382,1088223.788,903.570056,7.296237,0.001659,1204.360172,63337,2609.092511,212.123815,5.593547,5.381599,5.805495,289.02036,0.990768,663.88034,301.670077,664.38034,208.829923,101138.6216,390.793797,9.76,0.004187,258.803037,6717.5,432.124724,208.860659,5.280631,5.027598,5.533663,287.436074,0.986418,137.741753,397.291004,138.241753,113.208996,484746.3955,642.986342,8.2,0.001439,753.898433,35277.5,1285.690949,215.610606,5.118482,4.83501,5.401954,68.930358,0.977823
35,DqCep_V_15s_027_out.FIT,27,0,58024.60739,2458024.607,2458024.607,2458024.613,NaN,2.004045,29.812548,4.88976,15,0,0,12,20,30,1.873582,0.211254,4.733645,0.002858,0.000853,0.019109,655.507442,247.717716,247.717716,586418.7952,752.058984,630.867599,139.89952,631.367599,370.60048,1098703.789,907.714221,7.28682,0.001655,1210.407157,51457,2631.798458,211.746059,5.843986,5.77044,5.917531,52.163423,0.989657,669.382121,305.484927,669.882121,205.015073,102276.781,389.883853,9.76,0.004131,262.32628,5293.5,436.434004,207.626888,5.784011,5.870078,5.697944,37.956877,0.985055,143.163465,401.119715,143.663465,109.380285,484142.0142,643.104422,8.2,0.001441,752.820223,30430,1281.875551,215.483449,5.325002,5.251073,5.398931,48.181908,0.937269
36,DqCep_V_15s_028_out.FIT,28,0,58024.6077,2458024.608,2458024.608,2458024.613,NaN,1.999714,29.884347,4.88976,15,0,0,12,20,30,1.865409,0.210794,4.743972,0.002855,0.000855,0.01924,653.288219,246.572836,246.572836,583090.0614,749.555853,674.109046,87.941915,674.609046,422.558085,1087701.241,903.915392,7.291567,0.001661,1203.32196,41963.75,2596.622807,211.313068,6.186968,6.235435,6.138502,33.324851,0.998438,712.556995,253.537827,713.056995,256.962173,101513.3951,388.909861,9.76,0.004152,261.020368,4487.75,436.314189,207.680416,5.925143,6.025738,5.824548,25.649255,0.997053,186.422607,349.196696,186.922607,161.303304,481576.6662,640.767584,8.2,0.001444,751.562155,23556.25,1277.134658,214.051509,5.637527,5.619455,5.655598,46.06645,0.970327
37,DqCep_V_15s_029_out.FIT,29,0,58024.60802,2458024.608,2458024.608,2458024.614,NaN,1.995409,29.956072,5.325188,15,0,0,12,20,30,1.881471,0.210083,4.760026,0.00288,0.000859,0.019467,653.180791,244.512148,244.512148,583039.3446,751.491171,633.170191,62.508087,633.670191,447.991913,1096971.597,906.282468,7.282258,0.001661,1210.408053,38906.5,2643.99612,211.686592,6.876884,7.310928,6.44284,33.894682,0.889369,671.75597,228.135854,672.25597,282.364146,101221.6561,391.422709,9.76,0.00419,258.599345,4689.25,432.070088,208.622724,6.588867,7.125951,6.051783,32.348112,0.856429,145.689483,323.961573,146.189483,186.538427,481817.6885,641.503892,8.2,0.001445,751.075239,24680.25,1279.250552,215.635345,6.442936,6.88431,6.001563,37.054533,0.751944
38,DqCep_V_15s_030_out.FIT,30,0,58024.60832,2458024.608,2458024.608,2458024.614,NaN,1.991289,30.025068,5.325188,15,0,0,12,20,30,1.865966,0.213097,4.692699,0.00285,0.00086,0.018942,654.663242,247.733908,247.733908,584989.3701,750.777081,643.516807,69.561346,644.016807,440.938654,1091570.353,904.18798,7.291242,0.001657,1207.238292,51022.25,2674.941309,210.89988,6.695792,7.095267,6.296316,30.900862,0.936686,682.087327,235.154612,682.587327,275.345388,102761.3334,391.707386,9.76,0.004131,262.342088,5339.75,434.096366,207.749816,6.722553,7.081784,6.363322,33.510491,0.925483,155.994232,330.97119,156.494232,179.52881,482228.0367,640.493207,8.2,0.001441,752.901094,33418.5,1284.336475,215.094708,6.218599,6.669367,5.767831,35.062379,0.820055
39,DqCep_V_15s_031_out.FIT,31,0,58024.60863,2458024.609,2458024.609,2458024.614,NaN,1.987035,30.096644,4.88976,15,0,0,12,20,30,1.871617,0.20905,4.783555,0.002861,0.000854,0.01953,654.213331,244.929302,244.929302,585598.1135,752.743861,654.90956,77.255378,655.40956,433.244622,1096015.413,906.552398,7.287959,0.001658,1208.992901,48574,2637.269358,212.456497,6.522051,6.745304,6.298798,36.589584,0.944162,693.51527,242.853264,694.01527,267.646736,101252.2799,390.909418,9.76,0.004184,259.017243,4933,432.617257,208.607788,6.133996,6.388974,5.879018,34.58827,0.945496,167.433622,338.70192,167.933622,171.79808,484345.8336,643.2831,8.2,0.001441,752.927962,31189.75,1286.299779,214.7382,5.931044,6.184943,5.677145,38.799977,0.841613
40,DqCep_V_15s_032_out.FIT,32,0,58024.60894,2458024.609,2458024.609,2458024.615,NaN,1.982806,30.168144,5.325188,15,0,0,12,20,30,1.894079,0.19928,5.018069,0.002908,0.000842,0.021194,651.223981,236.772035,236.772035,578595.0314,748.665195,588.764281,35.795679,589.264281,474.704321,1095904.719,906.163895,7.275006,0.001666,1209.389079,40361.5,2641.751109,211.807164,6.24953,6.327353,6.171706,40.86642,0.970008,627.494804,201.381222,627.994804,309.118778,96142.97102,385.385177,9.76,0.004343,249.472415,4087.25,424.794183,209.709237,3.952736,3.779575,4.125897,46.342389,-2.485349,101.481591,297.696325,101.981591,212.803675,482452.0604,641.854999,8.2,0.001444,751.652727,22395,1290.779444,218.663755,5.759159,5.879309,5.639009,41.256873,0.897529
41,DqCep_V_15s_033_out.FIT,33,0,58024.60924,2458024.609,2458024.609,2458024.615,NaN,1.978758,30.236924,5.325188,15,0,0,12,20,30,1.867756,0.211172,4.735477,0.002866,0.000862,0.019328,651.614611,245.011978,245.011978,582745.8251,752.482586,598.632558,42.524538,599.132558,467.975462,1088426.986,902.652519,7.290201,0.001665,1205.809503,48957.75,2646.538031,211.578331,6.101264,5.911738,6.29079,63.157502,0.989016,637.318597,208.103581,637.818597,302.396419,101603.723,391.873144,9.76,0.004179,259.277076,4979.5,434.790376,210.003378,5.804784,5.739988,5.869581,52.015616,0.991523,111.313682,304.313864,111.813682,206.186136,481142.1021,642.390443,8.2,0.001449,748.987017,27035.25,1278.497241,216.373395,5.6137,5.402401,5.825,54.020791,0.941085
42,DqCep_V_15s_034_out.FIT,34,0,58024.60955,2458024.61,2458024.609,2458024.615,NaN,1.97458,30.308274,4.88976,15,0,0,12,20,30,1.901111,0.21575,4.634991,0.002931,0.000877,0.018839,648.543199,246.029506,246.029506,577200.2436,751.187873,540.19305,148.968327,540.69305,361.531673,1097321.956,907.385918,7.270983,0.001673,1209.322223,49484.75,2624.628022,212.931416,5.901098,5.970302,5.831894,39.413275,0.985354,578.932935,314.496799,579.432935,196.003201,102431.4313,392.748142,9.76,0.004155,260.806915,5348.5,436.175332,209.557121,5.698222,5.797184,5.599259,36.498282,0.9859,52.874881,410.816069,53.374881,99.683931,474768.8123,640.337503,8.2,0.001463,741.435274,25720,1265.328744,219.582462,5.592543,5.691486,5.4936,40.821675,0.940762
43,DqCep_V_15s_035_out.FIT,35,0,58024.61008,2458024.61,2458024.61,2458024.616,NaN,1.967671,30.427019,4.88976,15,0,0,12,20,30,1.903876,0.216296,4.623292,0.002949,0.000887,0.018967,645.672131,243.754898,243.754898,573892.4213,750.867137,551.433819,156.290498,551.933819,354.209502,1092620.033,905.525516,7.269405,0.00168,1206.614296,58042.25,2625.616998,213.652246,5.696184,5.285649,6.106719,83.427128,0.978315,590.117257,321.923056,590.617257,188.576944,102056.3042,395.257509,9.76,0.004197,258.202063,5867.5,434.400768,210.593083,5.356399,5.013684,5.699114,77.385401,0.980152,64.092144,418.195189,64.592144,92.304811,471836.1172,638.41441,8.2,0.001468,739.07498,29523.25,1259.39207,220.105469,5.426248,5.070896,5.781599,64.692604,0.957757
44,DqCep_V_15s_036_out.FIT,36,0,58024.61039,2458024.61,2458024.61,2458024.616,NaN,1.963558,30.498163,5.325188,15,0,0,12,20,30,1.889167,0.218481,4.57706,0.002918,0.000883,0.018498,647.351557,247.437624,247.437624,575808.1983,749.749208,563.787741,151.313287,564.287741,359.186713,1087798.04,904.151845,7.277826,0.001676,1203.114329,55342.5,2615.364238,214.044062,5.568386,5.563307,5.573465,312.739745,0.999464,602.502866,316.868442,603.002866,193.631558,103245.8311,393.26315,9.76,0.004128,262.536246,6151.5,438.963415,210.03696,5.413736,5.441547,5.385925,33.117306,0.99935,76.505968,413.204696,77.005968,97.295304,472562.3672,638.332178,8.2,0.001466,740.30792,31283.75,1263.393488,220.209454,5.261358,5.329382,5.193334,38.646266,0.986187
45,DqCep_V_15s_037_out.FIT,37,0,58024.6107,2458024.611,2458024.611,2458024.616,NaN,1.959471,30.569228,5.325188,15,0,0,12,20,30,1.899484,0.215729,4.635452,0.002925,0.000877,0.018853,649.307855,245.86816,245.86816,577463.9651,750.208219,566.349075,155.824232,566.849075,354.675768,1096883.467,907.262748,7.271913,0.001671,1209.00309,64616,2635.301325,213.925019,5.420123,5.368057,5.47219,303.274323,0.99767,605.063441,321.40378,605.563441,189.09622,102469.8532,393.321936,9.76,0.00416,260.524125,7187.75,434.673077,209.464608,5.369885,5.172209,5.567562,281.99008,0.993525,79.002729,417.697541,79.502729,92.802459,474994.112,638.835054,8.2,0.001459,743.531697,39195.5,1264.7913,218.548762,4.992418,4.938654,5.046182,50.085891,0.985129
46,DqCep_V_15s_038_out.FIT,38,0,58024.61101,2458024.611,2458024.611,2458024.617,NaN,1.955407,30.640216,5.325188,15,0,0,12,20,30,1.84389,0.213713,4.679181,0.002848,0.00087,0.019047,647.37552,245.663664,245.663664,578728.522,750.191373,567.549041,157.24293,568.049041,353.25707,1067111.861,896.478345,7.304164,0.001676,1190.337577,64625,2574.788164,213.921214,5.27882,5.026775,5.530864,291.64442,0.982868,606.290828,322.798764,606.790828,187.701236,101903.5201,391.621125,9.76,0.004165,260.209457,7691.75,436.067627,210.117472,5.068121,4.945059,5.191184,297.220583,0.993035,80.298619,419.1931,80.798619,91.3069,476825.0019,639.859352,8.2,0.001456,745.202833,45919.75,1274.038717,219.116146,4.765006,4.499943,5.03007,78.443412,0.985458
47,DqCep_V_15s_039_out.FIT,39,0,58024.61131,2458024.611,2458024.611,2458024.617,NaN,1.951517,30.7085,4.88976,15,0,0,12,20,30,1.835698,0.214939,4.652488,0.002851,0.000878,0.019006,643.954616,244.793517,244.793517,574693.417,748.933393,569.447467,158.539668,569.947467,351.960332,1054963.715,890.937997,7.308998,0.001685,1184.104526,64613.75,2589.936374,213.891971,5.285188,5.128603,5.441774,292.131794,0.993166,608.205617,324.068593,608.705617,186.431407,101670.8797,392.031913,9.76,0.004178,259.343376,7971.25,434.492826,210.053797,5.157313,5.063897,5.250729,276.885649,0.99861,82.18891,420.519533,82.68891,89.980467,473022.5373,638.13181,8.2,0.001464,741.261491,48142,1266.211836,219.701798,4.719633,4.527745,4.911522,84.222131,0.993134
48,DqCep_V_15s_040_out.FIT,40,0,58024.61163,2458024.612,2458024.612,2458024.617,NaN,1.947501,30.779332,5.325188,15,0,0,12,20,30,1.846461,0.213467,4.684568,0.002863,0.000878,0.019262,644.990212,243.199668,243.199668,576236.0898,750.52281,571.257975,160.294729,571.757975,350.205271,1063997.34,894.884419,7.302651,0.001682,1188.977389,64610.75,2566.610066,212.63365,5.285577,5.070358,5.500797,298.123448,0.978588,609.983015,325.835752,610.483015,184.664248,101368.485,393.869762,9.76,0.00421,257.365492,8592,433,210.700691,4.79741,4.779724,4.815096,313.375012,0.983086,83.960875,422.311502,84.460875,88.188498,474867.6048,638.867044,8.2,0.00146,743.296449,44440.5,1267.146247,218.873389,4.729141,4.491164,4.967119,279.483028,0.988732
49,DqCep_V_15s_041_out.FIT,41,0,58024.61194,2458024.612,2458024.612,2458024.618,NaN,1.943508,30.850086,4.88976,15,0,0,12,20,30,1.836227,0.214951,4.652228,0.00285,0.000878,0.019013,644.322081,244.68038,244.68038,574389.2772,747.849474,572.709339,161.332656,573.209339,349.167344,1054709.284,890.953305,7.308685,0.001684,1183.798611,64618.25,2535.213106,212.064902,5.290231,5.091063,5.4894,300.766449,0.975116,611.466084,326.844301,611.966084,183.655699,101621.7435,392.119585,9.76,0.004181,259.160081,8517.75,433.428808,209.098248,4.925155,4.861774,4.988536,309.678076,0.980589,85.453378,423.330619,85.953378,87.169381,472767.5337,636.80536,8.2,0.001461,742.405079,54484.25,1268.954444,218.359925,4.517581,4.177315,4.857848,275.310541,0.976774
50,DqCep_V_15s_042_out.FIT,42,0,58024.61225,2458024.612,2458024.612,2458024.618,NaN,1.93954,30.92076,4.88976,15,0,0,12,20,30,1.837307,0.21509,4.649211,0.002845,0.000871,0.01883,645.907224,246.900266,246.900266,576402.8219,748.479471,574.76971,162.802928,575.26971,347.697072,1059028.757,892.830899,7.308047,0.00168,1186.147073,64616.75,2562.506098,214.327036,5.145565,4.995229,5.295901,302.319268,0.981421,613.531228,328.42552,614.031228,182.07448,102032.4494,389.727511,9.76,0.004139,261.804585,9125,439.190181,208.868624,4.76975,4.689364,4.850136,303.79995,0.992181,87.48317,424.948897,87.98317,85.551103,474370.3725,639.010161,8.2,0.001462,742.351846,47278.5,1264.183921,219.315259,4.670556,4.505691,4.83542,282.984979,0.993849
51,DqCep_V_15s_043_out.FIT,43,0,58024.61255,2458024.613,2458024.612,2458024.618,NaN,1.93574,30.98874,4.88976,15,0,0,12,20,30,1.841217,0.214048,4.671856,0.002839,0.000872,0.019041,648.43659,245.35967,245.35967,578638.6723,748.261756,577.740398,165.369779,578.240398,345.130221,1065399.236,895.236928,7.305739,0.001673,1190.075166,64618.25,2554.650549,213.113767,5.218337,5.028426,5.408248,292.137125,0.989693,616.518204,330.883273,617.018204,179.616727,102019.2776,392.813572,9.76,0.004172,259.714238,8688.75,435.434327,210.226208,4.811042,4.796025,4.826058,306.778364,0.999514,90.49153,427.471218,90.99153,83.028782,476619.3947,636.861958,8.2,0.00145,748.387289,49017.5,1304.780752,219.08737,4.719051,4.458891,4.979211,83.173562,0.987203
52,DqCep_V_15s_044_out.FIT,44,0,58024.61287,2458024.613,2458024.613,2458024.619,NaN,1.931817,31.059257,5.325188,15,0,0,12,20,30,1.859636,0.213182,4.690836,0.002862,0.000868,0.019101,649.732723,245.577805,245.577805,580509.2578,750.73324,580.900115,167.363936,581.400115,343.136064,1079535.665,900.854356,7.294932,0.00167,1198.3465,64617.5,2589.793502,211.961641,5.278948,5.144936,5.41296,81.7657,0.997201,619.693488,332.885885,620.193488,177.614115,102007.7303,392.327416,9.76,0.004168,260.006633,7931.5,435.92184,209.74062,4.957925,4.837495,5.078354,66.918681,0.995086,93.67032,429.465781,94.17032,81.034219,478501.5275,640.062182,8.2,0.001451,747.586002,46782.75,1282.173889,218.837161,4.839459,4.534847,5.144071,64.949765,0.961787
53,DqCep_V_15s_045_out.FIT,45,0,58024.61318,2458024.613,2458024.613,2458024.619,NaN,1.927918,31.129693,4.88976,15,0,0,12,20,30,1.885847,0.213531,4.68317,0.002898,0.00087,0.019071,650.713876,245.570091,245.570091,579177.2228,749.614807,584.727,170.227825,585.227,340.272175,1092239.458,904.994606,7.279736,0.001667,1206.901623,64613.75,2623.770419,212.645788,5.364905,5.385262,5.344549,38.517896,0.998856,623.543493,335.770169,624.043493,174.729831,101910.9383,391.925342,9.76,0.004167,260.026406,7524,434.983407,209.516729,5.116725,5.18332,5.050131,36.658557,0.991781,97.520495,432.408517,98.020495,78.091483,477266.2844,638.99678,8.2,0.001453,746.899358,43913.75,1289.225336,219.12156,4.706979,4.624497,4.789462,50.254619,0.963101
54,DqCep_V_15s_046_out.FIT,46,0,58024.61349,2458024.613,2458024.613,2458024.619,NaN,1.924041,31.200047,4.88976,15,0,0,12,20,30,1.812136,0.213677,4.679971,0.002813,0.000879,0.019247,644.262897,243.153661,243.153661,577273.5087,750.322839,589.574761,173.392794,590.074761,337.107206,1046098.394,887.522312,7.323024,0.001684,1178.672784,64615.25,2554.420022,214.15516,5.128804,4.917024,5.340584,293.195275,0.985713,628.391533,338.941897,628.891533,171.558103,101633.1753,395.133689,9.76,0.004213,257.212124,9330.75,434.73022,211.360604,4.788089,4.488353,5.087826,285.881788,0.978485,102.403528,435.598318,102.903528,74.901682,475640.3333,637.850869,8.2,0.001455,745.692068,57119.5,1283.027964,218.95563,4.402176,4.184562,4.619789,84.634031,0.989924
55,DqCep_V_15s_047_out.FIT,47,0,58024.6138,2458024.614,2458024.614,2458024.62,NaN,1.920187,31.270321,4.88976,15,0,0,12,20,30,1.891689,0.210708,4.745897,0.002905,0.000864,0.019469,651.233558,243.764791,243.764791,580062.3327,750.467765,595.255857,176.970773,595.755857,333.529227,1097297.403,907.553645,7.276377,0.001666,1209.071673,64615.25,2630.863436,213.908804,5.640131,5.90574,5.374522,9.872773,0.99003,634.054439,342.529248,634.554439,167.970752,100952.4466,391.551585,9.76,0.004203,257.826683,6810.5,432.644273,210.282056,5.173147,5.510657,4.835638,7.9528,0.981747,108.100589,439.204425,108.600589,71.295575,479109.8862,640.225915,8.2,0.00145,748.345037,35393.25,1272.785242,217.477123,5.214682,5.462225,4.967139,30.367526,0.962451
56,DqCep_V_15s_048_out.FIT,48,0,58024.6141,2458024.614,2458024.614,2458024.62,NaN,1.916498,31.337914,4.88976,15,0,0,12,20,30,1.893775,0.210985,4.739668,0.002909,0.000866,0.019454,651.050943,243.635457,243.635457,580797.5277,751.950242,603.915343,182.128003,604.415343,328.371997,1099899.766,909.010934,7.275181,0.001666,1209.996189,43281.75,2631.103297,213.741174,6.451745,6.705061,6.198429,37.751302,0.901905,642.731827,347.695853,643.231827,162.804147,101190.0967,392.678525,9.76,0.004205,257.691955,4320.25,432.870861,209.493164,6.375833,6.601932,6.149733,38.721398,0.89385,116.714208,444.318045,117.214208,66.181955,479607.431,641.274312,8.2,0.001451,747.897463,23896,1276.76766,218.031609,6.131373,6.411221,5.851525,39.064909,0.803874
57,DqCep_V_15s_049_out.FIT,49,0,58024.61442,2458024.614,2458024.614,2458024.62,NaN,1.912688,31.408027,5.325188,15,0,0,12,20,30,1.885437,0.21191,4.718992,0.002885,0.000863,0.019223,653.454512,245.492056,245.492056,583740.8647,752.406296,642.739629,146.467851,643.239629,364.032149,1100606.651,907.944848,7.279972,0.00166,1212.195491,36865.75,2647.195796,212.225329,6.594492,6.960373,6.228611,33.657853,0.917716,681.552098,312.01849,682.052098,198.48151,102070.5865,392.916742,9.76,0.004171,259.776628,4051.25,433.599119,208.774038,6.448437,6.888164,6.00871,31.429393,0.911447,155.574329,408.719169,156.074329,101.780831,481670.2781,641.663204,8.2,0.001445,750.659029,23053,1279.583333,216.293536,6.131299,6.462998,5.799599,37.583248,0.822422
58,DqCep_V_15s_050_out.FIT,50,0,58024.61473,2458024.615,2458024.615,2458024.62,NaN,1.908901,31.478057,5.325188,15,0,0,12,20,30,1.905453,0.211384,4.730731,0.002921,0.000865,0.019363,652.271423,244.319526,244.319526,580527.3259,750.75816,652.177228,152.936725,652.677228,357.563275,1106167.734,910.794546,7.268506,0.001663,1214.508518,37552,2649.237885,212.745079,6.577721,7.05546,6.099983,31.082484,0.904232,690.994191,318.494971,691.494191,192.005029,101300.7386,391.906733,9.76,0.004192,258.481751,3768.25,434.079093,209.962415,6.306955,6.91651,5.697401,29.705068,0.85838,165.089343,415.06227,165.589343,95.43773,479226.5872,640.349067,8.2,0.00145,748.383362,21370,1269.435165,216.189918,6.005322,6.466977,5.543666,34.729474,0.810245
59,DqCep_V_15s_051_out.FIT,51,0,58024.61504,2458024.615,2458024.615,2458024.621,NaN,1.905136,31.548004,4.88976,15,0,0,12,20,30,1.893314,0.212712,4.701198,0.0029,0.000866,0.019143,652.941521,245.585152,245.585152,582443.6999,751.952315,670.474317,98.705093,670.974317,411.794907,1102748.962,908.565963,7.275445,0.001662,1213.724712,34772.5,2663.530556,212.977306,6.703862,7.341142,6.066582,26.453955,0.902393,709.284237,264.24361,709.784237,246.25639,102161.637,393.007304,9.76,0.004169,259.948444,3889.5,433.41044,208.879369,6.549706,7.246791,5.852621,26.712416,0.875235,183.332818,360.93952,183.832818,149.56048,480282.0629,641.075303,8.2,0.001448,749.181977,22390,1275.268212,215.042908,6.115063,6.728303,5.501823,32.468335,0.780277
60,DqCep_V_15s_052_out.FIT,52,0,58024.61534,2458024.615,2458024.615,2458024.621,NaN,1.901531,31.615283,5.325188,15,0,0,12,20,30,1.894674,0.212492,4.70606,0.002903,0.000865,0.019156,652.771771,245.667592,245.667592,582609.609,752.052518,649.945101,85.165733,650.445101,425.334267,1103855.332,910.63249,7.274665,0.001662,1212.185316,45030.25,2644.528084,213.128674,6.39857,5.893585,6.903554,61.2877,0.915115,688.810241,250.715374,689.310241,259.784626,102103.6638,392.63307,9.76,0.004167,260.048558,4725.25,437.156111,210.25908,6.270107,5.845881,6.694333,59.221726,0.920018,162.906446,347.580328,163.406446,162.919672,480505.9451,641.422063,8.2,0.001448,749.126002,27393.75,1273.937225,215.554086,5.787944,5.23969,6.336197,57.788692,0.810856
61,DqCep_V_15s_053_out.FIT,53,0,58024.61565,2458024.616,2458024.616,2458024.621,NaN,1.897809,31.685066,4.88976,15,0,0,12,20,30,1.897581,0.213806,4.677139,0.002899,0.000864,0.018902,654.583657,247.445171,247.445171,582536.5118,749.61734,611.499803,89.776023,611.999803,420.723977,1105410.399,910.160934,7.273001,0.001657,1214.521913,45504.25,2658.550885,212.952657,6.154754,6.140265,6.169244,45.652678,0.957281,650.49222,255.300866,650.99222,255.199134,102610.9285,391.510295,9.76,0.004135,262.089988,4666.25,437.488889,209.464603,6.068584,6.126609,6.010559,42.712111,0.942552,124.518828,352.417234,125.018828,158.082766,479925.5833,639.254132,8.2,0.001445,750.758672,28785.75,1295.702809,217.218352,5.602067,5.546439,5.657695,46.567248,0.86811
62,DqCep_V_15s_054_out.FIT,54,0,58024.61597,2458024.616,2458024.616,2458024.622,NaN,1.894109,31.754767,4.88976,15,0,0,12,20,30,1.896379,0.210858,4.74252,0.002895,0.000859,0.019328,654.953778,245.370948,245.370948,584647.2216,752.444619,618.799563,95.193854,619.299563,415.306146,1108712.718,910.772545,7.273689,0.001656,1217.33217,44223.5,2670.532151,212.189096,6.011811,5.862051,6.161572,64.382856,0.993676,657.753959,260.70039,658.253959,249.79961,101810.2159,392.209515,9.76,0.004175,259.581198,4638.25,433.992826,209.246212,5.716681,5.634006,5.799356,58.0217,0.995662,131.877973,357.768493,132.377973,152.731507,482837.0057,642.14064,8.2,0.001443,751.917844,25485.5,1284.995022,216.771558,5.430578,5.296708,5.564448,51.807728,0.95619
63,DqCep_V_15s_055_out.FIT,55,0,58024.61628,2458024.616,2458024.616,2458024.622,NaN,1.89043,31.824382,4.88976,15,0,0,12,20,30,1.891705,0.210169,4.758084,0.00289,0.000857,0.019402,654.557003,245.242178,245.242178,584619.4047,752.357167,625.528987,99.194319,626.028987,411.305681,1105927.63,910.53846,7.276368,0.001657,1214.586401,51382.5,2654.011038,212.66969,5.851429,5.768731,5.934126,296.923213,0.997705,664.496279,264.698212,664.996279,245.801788,101530.2044,391.354587,9.76,0.004177,259.432769,5063.5,435.472222,209.849546,5.753432,5.866649,5.640216,346.641957,0.99806,138.532345,361.799962,139.032345,148.700038,483089.2003,642.559642,8.2,0.001443,751.820016,30085.75,1280.337555,216.264427,5.268293,5.270042,5.266543,44.820694,0.98874
64,DqCep_V_15s_056_out.FIT,56,0,58024.61658,2458024.617,2458024.616,2458024.622,NaN,1.886908,31.89134,4.88976,15,0,0,12,20,30,1.901605,0.213256,4.689205,0.00291,0.000864,0.019,653.564583,246.803392,246.803392,582890.0354,752.419157,632.517874,103.72487,633.017874,406.77513,1108426.674,910.559,7.270701,0.00166,1217.303518,55937.5,2674.761111,211.590724,5.751682,5.361056,6.142308,87.021264,0.98152,671.460503,269.219248,671.960503,241.280752,102455.4544,391.880304,9.76,0.004145,261.445787,5773.75,435.042588,208.371229,5.649637,5.316125,5.983148,86.935526,0.985998,145.576494,366.309056,146.076494,144.190944,480434.581,642.311774,8.2,0.001451,747.977229,33991.75,1279.079646,216.171281,5.115046,4.685647,5.544445,69.390489,0.950873
65,DqCep_V_15s_057_out.FIT,57,0,58024.61689,2458024.617,2458024.617,2458024.623,NaN,1.883271,31.96079,5.325188,15,0,0,12,20,30,1.888037,0.213344,4.687261,0.002883,0.000864,0.018974,654.942914,247.031683,247.031683,585150.5808,752.642783,637.524372,106.56587,638.024372,403.93413,1104785.957,908.927499,7.278475,0.001656,1215.483037,51709.5,2705.972912,212.099421,5.684781,5.901102,5.46846,332.388493,0.982248,676.484936,272.118516,676.984936,238.381484,102887.9366,393.35599,9.76,0.004143,261.564433,5540.25,435.524834,208.399147,5.629909,5.945248,5.314569,338.539459,0.976745,150.583529,369.235609,151.083529,141.264391,482262.6442,641.671431,8.2,0.001444,751.572567,32439.25,1278.118392,215.865872,5.095337,5.284744,4.905929,6.007933,0.994238
66,DqCep_V_15s_058_out.FIT,58,0,58024.61721,2458024.617,2458024.617,2458024.623,NaN,1.879655,32.030154,5.325188,15,0,0,12,20,30,1.862364,0.211024,4.738801,0.002852,0.000863,0.019374,653.021738,244.594971,244.594971,585413.5709,753.637626,639.64676,108.191719,640.14676,402.308281,1090252.881,904.131978,7.29334,0.001661,1205.855902,64612.25,2618.477373,211.738121,5.275267,5.026365,5.524168,296.086494,0.976429,678.593381,273.703591,679.093381,236.796409,102009.7421,394.424839,9.76,0.00419,258.629103,8149,434.412252,209.225183,5.02191,4.763309,5.28051,289.8429,0.982184,152.730967,370.810358,153.230967,139.689642,483403.8288,642.182776,8.2,0.001441,752.751159,48342,1287.789357,215.940513,4.497756,4.241275,4.754237,82.55806,0.986164
67,DqCep_V_15s_059_out.FIT,59,0,58024.61751,2458024.618,2458024.617,2458024.623,NaN,1.876193,32.096868,5.325188,15,0,0,12,20,30,1.897325,0.211591,4.726103,0.002901,0.000863,0.019278,654.017692,245.158418,245.158418,582960.3316,751.458414,642.386018,108.603059,642.886018,401.896941,1106065.22,909.568203,7.273147,0.001659,1216.033297,64614.5,2687.159955,212.741118,5.384206,5.247437,5.520976,307.228876,0.964097,681.359795,274.146771,681.859795,236.353229,101807.5256,392.514106,9.76,0.004178,259.372909,6956.25,433.864537,209.618886,5.061649,4.958917,5.164381,307.040505,0.978115,155.478644,371.309046,155.978644,139.190954,481152.806,640.798272,8.2,0.001445,750.864706,46129.75,1284.991111,215.762653,4.681921,4.509261,4.854581,284.656885,0.992864
68,DqCep_V_15s_060_out.FIT,60,0,58024.61782,2458024.618,2458024.618,2458024.624,NaN,1.872618,32.166064,5.325188,15,0,0,12,20,30,1.891766,0.210835,4.743052,0.002886,0.000856,0.019247,655.599437,246.425545,246.425545,583843.1491,749.461416,645.423785,110.940034,645.923785,399.559966,1104494.499,909.985289,7.276333,0.001655,1213.74984,64614.5,2651.103753,212.926051,5.343749,5.061035,5.626463,291.047437,0.97978,684.396478,276.414359,684.896478,234.085641,101660.7829,389.843858,9.76,0.004156,260.773078,6924,436.795302,209.366257,4.978525,4.727158,5.229892,287.265796,0.985051,158.537546,373.626693,159.037546,136.873307,482182.3662,640.089198,8.2,0.00144,753.304958,41605.5,1289.247773,215.344953,4.711686,4.325581,5.09779,79.937485,0.969938
69,DqCep_V_15s_061_out.FIT,61,0,58024.61813,2458024.618,2458024.618,2458024.624,NaN,1.869064,32.235173,5.325188,15,0,0,12,20,30,1.84884,0.214807,4.65534,0.002846,0.000873,0.01891,649.583847,246.181463,246.181463,582071.9929,752.398802,646.88567,110.833021,647.38567,399.666979,1076157.957,899.752394,7.301253,0.00167,1196.06012,64619,2583.251101,212.859125,5.150693,5.026973,5.274414,306.246332,0.974527,685.845998,276.372,686.345998,234.128,102924.3159,394.796381,9.76,0.004157,260.702278,9216.25,435.706402,208.500407,4.593056,4.621203,4.564909,318.327591,0.988817,159.958767,373.588036,160.458767,136.911964,479147.677,640.499629,8.2,0.00145,748.084238,52850.5,1274.081678,216.360536,4.354367,4.152855,4.55588,274.907802,0.991215
70,DqCep_V_15s_062_out.FIT,62,0,58024.61844,2458024.618,2458024.618,2458024.624,NaN,1.865531,32.304196,5.325188,15,0,0,12,20,30,1.892458,0.211803,4.721368,0.0029,0.000867,0.01933,652.680352,244.252394,244.252394,583388.3346,753.496621,606.752536,124.980839,607.252536,385.519161,1104037.838,909.922548,7.275936,0.001662,1213.331663,64619.75,2644.772026,212.970621,5.338066,5.104173,5.57196,273.98271,0.9922,645.819278,290.447802,646.319278,220.052198,101966.5767,394.709205,9.76,0.004195,258.333414,7467,434.182671,209.09089,5.033692,4.899978,5.167406,76.437438,0.996442,119.994651,387.826441,120.494651,122.673559,481421.7579,641.842505,8.2,0.001447,750.062132,44666.75,1274.804396,216.734598,4.745592,4.472905,5.018279,64.072617,0.965609
71,DqCep_V_15s_063_out.FIT,63,0,58024.61874,2458024.619,2458024.619,2458024.625,NaN,1.862147,32.37058,5.325188,15,0,0,12,20,30,1.90795,0.211335,4.731821,0.002919,0.000862,0.019311,653.686076,245.030479,245.030479,582941.3179,752.53304,609.720738,126.836344,610.220738,383.663656,1112222.931,912.945266,7.267084,0.00166,1218.27997,61231,2673.794248,213.124046,5.406225,5.361677,5.450772,308.000149,0.99536,648.776329,292.336122,649.276329,218.163878,101702.6332,392.243089,9.76,0.004179,259.284704,6516.5,434.039648,210.025037,5.135515,5.047874,5.223156,305.104277,0.989845,122.973069,389.741008,123.473069,120.758992,481238.6848,642.223742,8.2,0.001448,749.331819,37642.25,1276.986233,216.98913,4.791583,4.744582,4.838583,50.957473,0.990973
72,DqCep_V_15s_064_out.FIT,64,0,58024.61906,2458024.619,2458024.619,2458024.625,NaN,1.858653,32.439432,4.88976,15,0,0,12,20,30,1.884356,0.209927,4.763563,0.002878,0.000856,0.019419,654.691272,245.302514,245.302514,586089.0401,753.644576,613.57291,128.177573,614.07291,382.322427,1104400.582,910.416445,7.280594,0.001657,1213.071873,64617.5,2650.520419,212.550039,5.418403,5.272554,5.564252,301.923215,0.985105,652.6495,293.656271,653.1495,216.843729,101688.6629,391.898621,9.76,0.004176,259.47696,7018.75,435.283259,209.809506,5.36202,5.426225,5.297814,319.12687,0.972179,126.844589,391.116169,127.344589,119.383831,484400.3772,643.735673,8.2,0.001442,752.483352,45406,1283.82489,216.863707,4.803527,4.671683,4.935371,81.38299,0.996702
73,DqCep_V_15s_065_out.FIT,65,0,58024.61937,2458024.619,2458024.619,2458024.625,NaN,1.85518,32.508195,4.88976,15,0,0,12,20,30,1.856171,0.213032,4.694133,0.002838,0.00086,0.018949,654.083446,247.723903,247.723903,587289.1845,754.196487,618.031342,131.331698,618.531342,379.168302,1090108.974,904.353689,7.296957,0.001659,1205.401148,64616,2618.960265,212.538688,5.311554,5.028134,5.594974,285.942158,0.984294,657.118572,296.777616,657.618572,213.722384,103139.3458,393.122276,9.76,0.00413,262.359454,7599.75,437.5734,209.892725,5.169494,4.980846,5.358143,280.015487,0.993981,131.271763,394.280798,131.771763,116.219202,484149.8387,643.635935,8.2,0.001442,752.210702,52149.25,1280.728022,216.662442,4.611323,4.331847,4.890799,69.734515,0.974752
74,DqCep_V_15s_066_out.FIT,66,0,58024.61968,2458024.62,2458024.62,2458024.625,NaN,1.851726,32.576871,5.325188,15,0,0,12,20,30,1.890934,0.215302,4.64464,0.002888,0.000869,0.018745,654.807914,247.785041,247.785041,584976.6472,753.024129,623.440988,133.471552,623.940988,377.028448,1106152.069,908.907523,7.276811,0.001657,1217.012777,60240.25,2710.202032,213.244765,5.413229,5.161799,5.664659,286.259573,0.987915,662.529334,298.98569,663.029334,211.51431,103634.0053,394.798451,9.76,0.004128,262.49851,5972,437.035793,208.767059,5.438068,5.350522,5.525615,300.919547,0.995348,136.71809,396.500783,137.21809,113.999217,481342.6419,641.232814,8.2,0.001445,750.651918,33632.75,1285.694444,216.044129,4.83183,4.541081,5.122578,70.631898,0.976368
75,DqCep_V_15s_067_out.FIT,67,0,58024.61998,2458024.62,2458024.62,2458024.626,NaN,1.848419,32.642919,5.325188,15,0,0,12,20,30,1.90184,0.213565,4.682414,0.002904,0.000865,0.018955,654.912897,247.022324,247.022324,584541.5104,752.529816,628.766506,137.336654,629.266506,373.163346,1111704.673,912.767827,7.270566,0.001657,1217.949013,55741.75,2661.596366,212.907658,5.781505,5.588111,5.974898,58.773995,0.979122,667.857539,302.874412,668.357539,207.625588,102868.527,393.244932,9.76,0.004143,261.588945,5468.25,436.09106,209.008219,5.749809,5.723114,5.776504,46.474836,0.96744,142.033313,400.34732,142.533313,110.15268,481672.9834,641.607004,8.2,0.001445,750.728998,33272.5,1279.239514,215.943745,5.260441,5.097367,5.423516,51.579369,0.925968
76,DqCep_V_15s_068_out.FIT,68,0,58024.6203,2458024.62,2458024.62,2458024.626,NaN,1.845005,32.71142,5.325188,15,0,0,12,20,30,1.894606,0.211314,4.732288,0.002892,0.00086,0.019269,655.153653,245.585231,245.585231,585264.2649,752.723853,607.485214,124.320638,607.985214,386.179362,1108845.279,911.449277,7.274704,0.001656,1216.573766,40852.75,2677.977222,213.876601,6.396423,6.939179,5.853667,27.766217,0.911361,646.616669,289.814937,647.116669,220.685063,102099.5837,392.982567,9.76,0.004171,259.806903,4688.25,434.777042,209.391647,6.301525,6.900667,5.702383,27.157786,0.895625,120.808995,387.466754,121.308995,123.033246,483164.6812,641.995249,8.2,0.001442,752.598531,25029.75,1283.823951,217.235251,5.914469,6.463735,5.365203,32.868674,0.799174
77,DqCep_V_15s_069_out.FIT,69,0,58024.62061,2458024.621,2458024.621,2458024.626,NaN,1.841609,32.779832,5.325188,15,0,0,12,20,30,1.904559,0.21162,4.725461,0.002904,0.000858,0.019166,655.937159,246.550488,246.550488,586681.0592,754.6258,617.389099,129.721261,617.889099,380.778739,1117368.729,914.428156,7.269015,0.001654,1221.931676,39451.5,2673.846916,212.682314,6.600104,7.455876,5.744332,18.40466,0.898533,656.537749,295.186424,657.037749,215.313576,102468.7951,392.596376,9.76,0.004152,261.002906,4080,435.573789,209.871597,6.457968,7.387149,5.528786,20.169471,0.863195,130.689579,392.878012,131.189579,117.621988,484212.2641,644.459606,8.2,0.001444,751.346182,20424.75,1289.28042,218.014349,6.100382,7.029694,5.17107,23.708071,0.806362
78,DqCep_V_15s_070_out.FIT,70,0,58024.62092,2458024.621,2458024.621,2458024.627,NaN,1.838234,32.848154,5.325188,15,0,0,12,20,30,1.902541,0.212525,4.705327,0.002906,0.000862,0.019089,654.608312,246.49802,246.49802,585318.0566,754.452806,628.814162,135.837836,629.314162,374.662164,1113591.513,913.03187,7.270167,0.001657,1219.663354,37499.25,2671.022075,212.762665,6.860377,7.179364,6.541391,36.693367,0.894665,667.956762,301.328181,668.456762,209.171819,102591.4955,393.049501,9.76,0.004152,261.014186,3845,436.251104,209.779811,6.77998,7.20065,6.35931,34.318765,0.884838,142.117078,399.071588,142.617078,111.428412,482726.5612,643.980688,8.2,0.001447,749.597884,23142,1275.763158,217.152278,6.396694,6.714406,6.078982,38.821877,0.785567
79,DqCep_V_15s_071_out.FIT,71,0,58024.62122,2458024.621,2458024.621,2458024.627,NaN,1.835001,32.913861,4.88976,15,0,0,12,20,30,1.897786,0.212504,4.705797,0.0029,0.000863,0.019106,654.482449,246.294216,246.294216,584292.1088,752.537298,641.304559,144.178357,641.804559,366.321643,1108861.218,911.526246,7.272884,0.001658,1216.488524,35854,2666.037058,212.804274,6.779107,7.609907,5.948308,25.892348,0.847625,680.444995,309.629679,680.944995,200.870321,102403.24,392.762564,9.76,0.004156,260.725562,3960.5,436.601111,209.038356,6.797797,7.658741,5.936852,26.004647,0.835961,154.686815,407.252709,155.186815,103.247291,481888.8689,641.911173,8.2,0.001445,750.709583,20521,1279.020971,215.248634,6.310285,7.235185,5.385385,28.113948,0.733492
80,DqCep_V_15s_072_out.FIT,72,0,58024.62153,2458024.622,2458024.621,2458024.627,NaN,1.831663,32.982006,4.88976,15,0,0,12,20,30,1.909659,0.213519,4.68342,0.002917,0.000867,0.019007,654.756358,246.399472,246.399472,582986.4569,751.084986,608.999659,124.072234,609.499659,386.427766,1113305.093,913.168512,7.266112,0.001657,1219.167194,39934,2669.87638,212.249244,6.419928,6.700614,6.139242,33.618044,0.949125,648.207602,289.586462,648.707602,220.913538,102576.6894,393.241484,9.76,0.004154,260.849106,4427.75,435.545806,209.107198,6.343442,6.670275,6.016608,31.724816,0.947134,122.455057,387.46406,122.955057,123.03594,480409.7675,639.913893,8.2,0.001445,750.741268,24995.5,1301.566027,217.119599,5.864891,6.069544,5.660238,39.515446,0.865805
81,DqCep_V_15s_073_out.FIT,73,0,58024.62185,2458024.622,2458024.622,2458024.628,NaN,1.828344,33.050061,5.325188,15,0,0,12,20,30,1.915024,0.212889,4.697279,0.002919,0.000862,0.019024,655.961586,246.918055,246.918055,585223.3615,753.320297,618.35878,129.629236,618.85878,380.870764,1120716.849,915.333102,7.263066,0.001654,1224.381427,41858.5,2720.576063,213.379532,6.075322,6.176355,5.974288,39.431796,0.970363,657.56054,295.082952,658.06054,215.417048,102719.8088,392.858121,9.76,0.004145,261.467953,4572,434.91685,208.661765,5.983667,6.223508,5.743826,32.613764,0.963515,131.816975,392.941384,132.316975,117.558616,482503.5527,642.77054,8.2,0.001445,750.662208,25619.75,1275.773626,215.326258,5.602507,5.716456,5.488558,41.470889,0.890501
82,DqCep_V_15s_074_out.FIT,74,0,58024.62216,2458024.622,2458024.622,2458024.628,NaN,1.825044,33.118024,4.88976,15,0,0,12,20,30,1.905822,0.211535,4.727339,0.002912,0.000862,0.019267,654.557784,245.3648,245.3648,584128.0792,752.861765,626.55876,134.268572,627.05876,376.231428,1113244.261,913.163062,7.268296,0.001657,1219.107854,50395.25,2675.139934,212.210153,5.831532,5.87659,5.786474,41.643011,0.982531,665.755208,299.690826,666.255208,210.809174,101989.4314,392.835272,9.76,0.004174,259.623915,5401,433.716336,208.574103,5.677809,5.878707,5.476911,33.202886,0.968819,139.97455,397.600356,140.47455,112.899644,482138.6478,642.24706,8.2,0.001445,750.705885,29793.25,1275.249451,215.604071,5.277292,5.335329,5.219254,42.733746,0.92255
83,DqCep_V_15s_075_out.FIT,75,0,58024.62246,2458024.622,2458024.622,2458024.628,NaN,1.821884,33.183383,5.325188,15,0,0,12,20,30,1.909408,0.212168,4.713243,0.002916,0.000862,0.019142,654.783187,246.227175,246.227175,583293.9005,751.417408,634.156154,137.899524,634.656154,372.600476,1113745.794,913.591155,7.266255,0.001657,1219.08557,50460.25,2665.554515,212.369947,5.781233,6.04904,5.513427,7.484087,0.990842,673.306647,303.381546,673.806647,207.118454,102095.056,391.68025,9.76,0.004157,260.659188,5293.25,434.903422,209.528022,5.52926,6.003798,5.054721,12.702431,0.964418,147.539952,401.258174,148.039952,109.241826,481198.8444,641.260246,8.2,0.001446,750.395565,27950.25,1281.379425,216.780211,5.202343,5.479065,4.925621,27.738186,0.964964
84,DqCep_V_15s_076_out.FIT,76,0,58024.62277,2458024.623,2458024.623,2458024.629,NaN,1.818621,33.251167,5.325188,15,0,0,12,20,30,1.909593,0.214007,4.672735,0.002907,0.000862,0.018816,656.854414,248.338644,248.338644,584140.4506,749.570131,640.962193,142.090259,641.462193,368.409741,1115470.373,913.812706,7.26615,0.001652,1220.677242,47941.75,2674.627483,212.220478,5.750336,5.774542,5.72613,43.235191,0.9813,680.143358,307.561715,680.643358,202.938285,102973.3368,391.431277,9.76,0.004119,263.06875,5102.5,435.561947,207.74483,5.731049,5.745792,5.716306,44.089696,0.973776,154.440057,405.472436,154.940057,105.027564,481167.1138,639.247164,8.2,0.001441,752.709032,29220.75,1301.032167,214.876154,5.227549,5.24048,5.214619,44.477055,0.926547
85,DqCep_V_15s_077_out.FIT,77,0,58024.62308,2458024.623,2458024.623,2458024.629,NaN,1.815376,33.318857,4.88976,15,0,0,12,20,30,1.881671,0.214349,4.665288,0.002872,0.000864,0.018802,655.071897,248.12838,248.12838,585460.5669,752.060733,646.382298,145.85236,646.882298,364.64764,1101644.348,908.608765,7.282142,0.001656,1212.451818,64626.5,2633.463736,212.267366,5.294218,5.231413,5.357023,305.876469,0.99426,685.573357,311.323673,686.073357,199.176327,103341.7044,393.160368,9.76,0.004123,262.848732,8238,438.696785,209.557751,5.163228,5.220164,5.106291,334.411852,0.998763,159.775547,409.211459,160.275547,101.288541,482118.8625,641.108627,8.2,0.001443,752.008072,44904.25,1284.216741,215.217045,4.659707,4.580498,4.738915,60.432189,0.995611
86,DqCep_V_15s_078_out.FIT,78,0,58024.6234,2458024.623,2458024.623,2458024.629,NaN,1.81215,33.386455,5.325188,15,0,0,12,20,30,1.828878,0.216914,4.610129,0.002794,0.000864,0.018363,654.499256,251.054198,251.054198,589128.2759,753.915072,616.62692,126.106551,617.12692,384.393449,1077443.933,899.371616,7.31304,0.001658,1197.996371,64615.25,2586.098018,212.873496,5.153867,4.975434,5.3323,297.837119,0.984958,655.911623,291.575549,656.411623,218.924451,105011.5393,394.378934,9.76,0.00407,266.270661,8995,439.529185,208.226235,5.622436,5.200241,6.04463,300.170282,0.908921,130.152923,389.711919,130.652923,120.788081,484116.7366,642.53653,8.2,0.00144,753.446246,51765,1287.870575,216.815848,4.39654,4.196247,4.596833,71.618253,0.987118
87,DqCep_V_15s_079_out.FIT,79,0,58024.6237,2458024.624,2458024.624,2458024.629,NaN,1.809061,33.451462,4.88976,15,0,0,12,20,30,1.896643,0.214235,4.667764,0.002895,0.000865,0.018843,655.100626,247.724149,247.724149,586096.8188,754.183856,620.897343,127.475194,621.397343,383.024806,1111616.476,912.826351,7.273538,0.001656,1217.774307,64611.5,2661.889868,213.395427,5.367472,5.260552,5.474392,304.655486,0.987294,660.178368,292.864571,660.678368,217.635429,103408.8179,394.046989,9.76,0.004129,262.427631,6907.75,436.69163,208.918903,5.65311,4.944117,6.362102,279.963091,0.931002,134.483547,391.031525,134.983547,119.468475,482688.001,643.055409,8.2,0.001445,750.616501,43448,1280.102974,216.913544,4.599711,4.496866,4.702556,66.418019,0.995678
88,DqCep_V_15s_080_out.FIT,80,0,58024.62401,2458024.624,2458024.624,2458024.63,NaN,1.80587,33.518877,5.325188,15,0,0,12,20,30,1.882835,0.21289,4.697269,0.002871,0.000859,0.018943,655.806922,247.974537,247.974537,587337.4347,754.118114,623.523449,128.350387,624.023449,382.149613,1105859.659,909.618702,7.281471,0.001654,1215.739801,64613,2686.118009,212.159039,5.261719,4.975469,5.547969,281.305549,0.98619,662.777089,293.787879,663.277089,216.712121,103091.0494,392.479927,9.76,0.004126,262.665788,7518.25,437.481707,208.898449,5.053262,4.790791,5.315733,83.02015,0.988603,137.096365,391.925374,137.596365,118.574626,484246.3853,643.93605,8.2,0.001443,752.010056,43292.5,1279.263736,214.985966,4.595936,4.252091,4.939781,71.322768,0.96496
89,DqCep_V_15s_081_out.FIT,81,0,58024.62432,2458024.624,2458024.624,2458024.63,NaN,1.802698,33.586198,4.88976,15,0,0,12,20,30,1.867706,0.2133,4.688224,0.002861,0.000862,0.018956,652.900967,247.326497,247.326497,583726.0512,751.438165,625.015903,128.556872,625.515903,381.943128,1090228.396,904.760079,7.290231,0.001662,1204.99171,64621.25,2613.825441,212.441309,5.207428,5.035171,5.379686,296.91404,0.987463,664.29691,293.989777,664.79691,216.510223,102620.0826,391.723858,9.76,0.004137,261.970469,8017.75,435.843819,209.30942,4.797919,4.825713,4.770126,318.485216,0.990887,138.620905,392.166475,139.120905,118.333525,481105.9686,641.257932,8.2,0.001446,750.253439,48777.75,1278.243929,216.199849,4.476739,4.343378,4.6101,77.593915,0.995699
90,DqCep_V_15s_082_out.FIT,82,0,58024.62464,2458024.625,2458024.625,2458024.63,NaN,1.799544,33.653425,4.88976,15,0,0,12,20,30,1.880123,0.21432,4.66591,0.002867,0.000862,0.018764,655.866616,248.65786,248.65786,586623.1182,752.475113,627.257065,129.96136,627.757065,380.53864,1102923.416,909.047078,7.283036,0.001654,1213.274254,64615.25,2646.594371,211.884844,5.326071,5.157082,5.495059,296.268347,0.989138,666.543285,295.386201,667.043285,215.113799,103535.5539,393.009793,9.76,0.004114,263.442682,8306,439.382517,208.791083,5.099115,5.09077,5.10746,313.499527,0.996091,140.8909,393.606285,141.3909,116.893715,483087.5643,641.686916,8.2,0.001441,752.839979,44495,1281.690397,215.271933,4.624233,4.447544,4.800922,72.545209,0.991341
91,DqCep_V_15s_083_out.FIT,83,0,58024.62494,2458024.625,2458024.625,2458024.631,NaN,1.796523,33.718073,5.325188,15,0,0,12,20,30,1.884136,0.209581,4.771416,0.002878,0.000856,0.019495,654.751971,244.750674,244.750674,584239.2826,750.88547,630.558515,131.377005,631.058515,379.122995,1100785.976,908.26564,7.280721,0.001657,1211.964791,64618.25,2663.875835,212.23669,5.27212,5.026892,5.517349,292.841057,0.982346,669.900868,296.766336,670.400868,213.733664,101229.7906,391.18242,9.76,0.004188,258.778988,7593.5,432.76766,209.302339,5.022188,5.044771,4.999606,352.15854,0.999913,144.22505,395.059324,144.72505,115.440676,483009.4919,640.940951,8.2,0.00144,753.59437,46575.75,1284.111173,215.506102,4.554664,4.261727,4.8476,79.590745,0.981217
92,DqCep_V_15s_084_out.FIT,84,0,58024.62525,2458024.625,2458024.625,2458024.631,NaN,1.793404,33.785114,5.325188,15,0,0,12,20,30,1.882669,0.212462,4.706733,0.002879,0.00086,0.019057,653.946246,246.983762,246.983762,584007.5895,751.529927,633.978485,132.399094,634.478485,378.100906,1099492.916,908.265335,7.281567,0.001659,1210.541538,64613,2628.165934,211.697988,5.250135,4.993772,5.506497,284.226824,0.98772,673.279757,297.832277,673.779757,212.667723,102336.5864,391.277449,9.76,0.004143,261.544811,7219.5,434.25,207.841623,4.938889,4.82234,5.055439,71.560061,0.996522,147.622993,396.191422,148.122993,114.308578,481671.0031,641.637895,8.2,0.001445,750.689769,50879.75,1275.452643,214.503297,4.563319,4.239791,4.886848,71.471084,0.968744
93,DqCep_V_15s_085_out.FIT,85,0,58024.62556,2458024.626,2458024.625,2458024.631,NaN,1.790302,33.852059,5.325188,15,0,0,12,20,30,1.909155,0.211573,4.726497,0.002904,0.000859,0.019181,657.479522,246.417037,246.417037,587245.9917,753.662063,637.759157,134.223636,638.259157,376.276364,1121143.72,915.120325,7.266399,0.00165,1225.132574,64615.25,2697.5449,211.638648,5.54559,5.31471,5.77647,283.876256,0.991178,677.123743,299.627659,677.623743,210.872341,102548.9054,393.303492,9.76,0.004156,260.737338,6779.25,433.939978,208.061332,5.361903,5.23326,5.490546,88.215474,0.997691,151.427183,397.993498,151.927183,112.506502,484697.0864,642.898801,8.2,0.001439,753.92439,38980.5,1282.683921,215.069193,4.86366,4.624682,5.102638,70.079695,0.983699
94,DqCep_V_15s_086_out.FIT,86,0,58024.62587,2458024.626,2458024.626,2458024.632,NaN,1.787217,33.918908,5.325188,15,0,0,12,20,30,1.913255,0.213608,4.681482,0.002899,0.000854,0.018713,659.965324,250.174604,250.174604,588029.5402,751.261455,642.546755,137.147494,643.046755,373.352506,1125050.701,916.544013,7.264069,0.001644,1227.492281,58249.75,2691.663907,208.108277,5.665948,5.532398,5.799498,279.882433,0.997494,681.874457,302.602681,682.374457,207.897319,103499.3279,390.325482,9.76,0.004087,265.161596,5967,433.022075,204.546738,5.695865,5.769417,5.622313,17.97211,0.998983,156.189681,400.90363,156.689681,109.59637,484530.2123,641.903257,8.2,0.001437,754.833703,31994.25,1279.544604,212.29744,5.032604,4.937291,5.127916,58.179798,0.992727
95,DqCep_V_15s_087_out.FIT,87,0,58024.62618,2458024.626,2458024.626,2458024.632,NaN,1.784264,33.983191,4.88976,15,0,0,12,20,30,1.919138,0.211727,4.72307,0.002902,0.000849,0.018944,661.24474,249.311672,249.311672,588601.7691,750.912305,648.376638,139.273965,648.876638,371.226035,1129608.218,917.347392,7.260736,0.001641,1231.385436,56159.25,2694.286894,206.163067,5.936167,6.187237,5.685096,28.015078,0.977163,687.733842,304.697335,688.233842,205.802665,102847.2117,389.486553,9.76,0.004104,264.05844,5600,429.326159,202.290371,5.848076,6.218943,5.477208,24.958704,0.961509,161.977307,403.055157,162.477307,107.444843,485754.5574,642.004295,8.2,0.001434,756.621975,36188,1281.540839,209.234973,5.249225,5.541491,4.956959,34.868911,0.897248
96,DqCep_V_15s_088_out.FIT,88,0,58024.62649,2458024.626,2458024.626,2458024.632,NaN,1.781213,34.049852,4.88976,15,0,0,12,20,30,1.917492,0.213108,4.692455,0.002898,0.000845,0.018616,661.752234,252.065928,252.065928,587379.8194,748.011179,656.114555,144.092507,656.614555,366.407493,1126295.864,916.263953,7.261668,0.001639,1229.226426,54456,2680.890659,205.515135,5.996029,5.854583,6.137475,54.0502,0.976965,695.475591,309.515055,695.975591,200.984945,103185.6695,385.912448,9.76,0.004053,267.381034,5481.5,437.627563,202.580479,5.85999,5.939966,5.780015,41.495617,0.949979,169.854898,407.894011,170.354898,102.605989,484194.1498,640.77477,8.2,0.001436,755.6386,35779.75,1274.589758,208.08282,5.350941,5.200991,5.500891,50.410599,0.911024
97,DqCep_V_15s_089_out.FIT,89,0,58024.6268,2458024.627,2458024.627,2458024.633,NaN,1.77818,34.116415,4.88976,15,0,0,12,20,30,1.910862,0.213751,4.678337,0.002893,0.000855,0.018723,660.473779,249.867021,249.867021,587004.2213,749.419957,646.506891,94.490737,647.006891,416.009263,1121683.808,912.960432,7.265429,0.001643,1228.622587,39775.75,2760.672551,205.584151,6.628127,7.150608,6.105646,26.985291,0.929044,685.965541,259.937115,686.465541,250.562885,103376.087,390.478813,9.76,0.004093,264.741859,4129.5,431.344027,202.63587,6.605503,7.213795,5.997212,24.999831,0.919277,160.273606,358.518929,160.773606,151.981071,483628.1343,639.653476,8.2,0.001435,756.078334,24719.25,1284.238889,209.509701,6.093404,6.684326,5.502482,30.592079,0.841078
98,DqCep_V_15s_090_out.FIT,90,0,58024.62711,2458024.627,2458024.627,2458024.633,NaN,1.775164,34.182881,4.88976,15,0,0,12,20,30,1.912927,0.212107,4.714607,0.00289,0.000848,0.018856,661.894709,250.026997,250.026997,589552.8377,750.712199,657.107538,100.752331,657.607538,409.747669,1127771.263,916.981145,7.264256,0.001639,1229.873994,42638.75,2695.317881,205.756594,6.634805,7.35676,5.91285,22.97916,0.90428,696.591745,266.14816,697.091745,244.35184,103165.9527,389.5204,9.76,0.004092,264.853786,4132.5,430.478429,202.235171,6.430782,7.332012,5.529552,22.090767,0.853071,170.864949,364.754028,171.364949,145.745972,486386.885,641.749689,8.2,0.001432,757.907473,27075,1281.906733,208.205,6.070669,6.824857,5.316481,27.842631,0.811597
99,DqCep_V_15s_091_out.FIT,91,0,58024.62741,2458024.627,2458024.627,2458024.633,NaN,1.772276,34.246793,4.88976,15,0,0,12,20,30,1.920722,0.21287,4.697708,0.002908,0.000853,0.018822,660.475009,249.586826,249.586826,587142.2192,749.625149,670.988356,107.632302,671.488356,402.867698,1127737.233,917.794107,7.25984,0.001643,1228.74752,32373,2700.872235,205.878356,7.104271,7.119499,7.089043,44.292892,0.969827,710.415781,272.976454,710.915781,237.523546,103048.8505,389.727081,9.76,0.004098,264.412856,3522.75,429.701987,202.221081,6.983507,7.096605,6.870408,39.922977,0.966262,184.801058,371.615122,185.301058,138.884878,484093.3688,640.351987,8.2,0.001435,755.980115,21070.75,1277.960265,209.321482,6.553114,6.545385,6.560842,45.248707,0.926178
100,DqCep_V_15s_092_out.FIT,92,0,58024.62773,2458024.628,2458024.628,2458024.633,NaN,1.769293,34.313067,4.88976,15,0,0,12,20,30,1.939757,0.214229,4.667898,0.002939,0.000857,0.018679,660.041838,249.899972,249.899972,584568.9479,748.490177,682.515145,113.728199,683.015145,396.771801,1133921.742,918.360039,7.249133,0.001644,1234.724611,34556.25,2725.684444,205.858351,6.819894,7.888058,5.751729,351.612252,0.898022,721.899141,279.09752,722.399141,231.40248,103136.8117,389.328078,9.76,0.004091,264.90977,3391.25,428.859341,202.185029,6.728715,8.02787,5.429561,355.427973,0.857821,196.276812,377.632398,196.776812,132.867602,481432.1362,639.266136,8.2,0.001441,753.101266,22765.75,1266.434066,208.341459,6.131931,7.282773,4.981089,359.260079,0.868442
101,DqCep_V_15s_093_out.FIT,93,0,58024.62804,2458024.628,2458024.628,2458024.634,NaN,1.766327,34.379242,5.325188,15,0,0,12,20,30,1.916202,0.211677,4.724178,0.002905,0.000853,0.019039,659.723579,248.13114,248.13114,585506.4173,748.190762,692.68625,120.07235,693.18625,390.42765,1121948.72,914.716201,7.262398,0.001644,1226.553895,32297.75,2688.158739,205.971305,6.881587,7.836482,5.926692,19.847282,0.874785,732.117609,285.524882,732.617609,224.975118,102286.5558,389.414841,9.76,0.004126,262.667328,3282,428.79415,202.996014,6.690211,7.800485,5.579936,18.351669,0.837679,206.494332,384.005306,206.994332,126.494694,483219.8615,638.86266,8.2,0.001434,756.375184,21668.5,1276.825774,207.755284,6.274768,7.345866,5.20367,22.971893,0.772411
102,DqCep_V_15s_094_out.FIT,94,0,58024.62835,2458024.628,2458024.628,2458024.634,NaN,1.763377,34.445318,5.325188,15,0,0,12,20,30,1.929575,0.212873,4.697643,0.00292,0.000855,0.018877,660.714959,248.850659,248.850659,585790.9975,748.309252,701.094014,124.960647,701.594014,385.539353,1130327.596,917.50386,7.254848,0.001642,1231.959499,45684.75,2700.971302,205.766897,6.305704,6.627526,5.983882,13.987287,0.986711,740.454638,290.341067,740.954638,220.158933,102812.8633,390.149351,9.76,0.004112,263.521811,4594.5,431.112472,202.130594,6.110517,6.572674,5.64836,16.818982,0.967364,214.778612,388.9141,215.278612,121.5859,482978.1342,638.553225,8.2,0.001435,756.363158,27303.75,1275.750553,207.214858,5.618794,5.92915,5.308438,30.169285,0.950471
103,DqCep_V_15s_095_out.FIT,95,0,58024.62865,2458024.629,2458024.629,2458024.634,NaN,1.760553,34.508853,4.88976,15,0,0,12,20,30,1.923469,0.210639,4.747466,0.002934,0.000872,0.01966,655.510607,241.478996,241.478996,583809.981,752.836053,708.93221,128.601488,709.43221,381.898512,1122940.144,915.295163,7.258289,0.001655,1226.861224,43454,2678.800661,205.364221,6.068021,6.500596,5.635447,345.7074,0.973903,748.305168,294.026544,748.805168,216.473456,101576.932,398.551643,9.76,0.004252,254.86517,4202.75,425.978477,201.746839,8.995252,9.25986,8.730645,354.134986,0.996396,222.673127,392.536495,223.173127,117.963505,482233.0489,638.685142,8.2,0.001437,755.040343,28796.5,1279.917778,208.28878,5.33319,5.800627,4.865754,3.922923,0.969164
104,DqCep_V_15s_096_out.FIT,96,0,58024.62896,2458024.629,2458024.629,2458024.635,NaN,1.757636,34.574734,5.325188,15,0,0,12,20,30,1.935037,0.212938,4.69621,0.002936,0.000863,0.019034,658.975891,246.733833,246.733833,584451.9086,749.3548,716.260462,132.2667,716.760462,378.2333,1130936.108,918.022983,7.251778,0.001646,1231.925703,34228,2701.980132,205.432432,6.721291,7.709608,5.732974,347.470528,0.899021,755.7399,297.705289,756.2399,212.794711,102603.6402,393.029253,9.76,0.004151,261.058533,3308.5,442.839243,200.277446,9.277843,8.852865,9.702821,280.276493,0.990468,230.079718,396.22417,230.579718,114.27583,481848.2684,638.013026,8.2,0.001437,755.23265,19972,1274.014934,207.978942,6.051365,7.01691,5.085821,355.452699,0.900677
105,DqCep_V_15s_097_out.FIT,97,0,58024.62928,2458024.629,2458024.629,2458024.635,NaN,1.754735,34.640514,4.88976,15,0,0,12,20,30,1.916672,0.209773,4.767067,0.002905,0.000849,0.019303,659.688633,246.953994,246.953994,585548.6061,748.349694,681.50819,46.787674,682.00819,463.712326,1122304.453,914.858247,7.262132,0.001645,1226.752294,61593.25,2682.235099,204.741825,5.517055,5.367303,5.666807,291.249351,0.994587,721.001834,212.194482,721.501834,298.305518,101533.1655,388.639284,9.76,0.004148,261.252965,6558.75,424.976425,202.315975,5.202894,5.320643,5.085145,329.686775,0.991493,195.500415,311.130567,196.000415,199.369433,484015.4406,639.520736,8.2,0.001434,756.840886,42126.25,1278.854535,208.023915,4.700597,4.577639,4.823554,59.078618,0.987726
106,DqCep_V_15s_098_out.FIT,98,0,58024.62959,2458024.63,2458024.63,2458024.635,NaN,1.75185,34.706194,4.88976,15,0,0,12,20,30,1.879903,0.213233,4.689705,0.002862,0.000856,0.018824,656.925207,249.137703,249.137703,585571.6275,749.666604,642.058294,44.576325,642.558294,465.923675,1100818.054,906.578835,7.283163,0.001651,1214.255188,64618.25,2635.039735,204.977806,5.339133,5.021781,5.656485,289.218102,0.977129,681.618604,209.904866,682.118604,300.595134,102917.7446,389.880033,9.76,0.004105,263.972853,7909.5,428.420154,201.729087,5.087043,4.941229,5.232857,300.994209,0.985125,156.122274,309.037486,156.622274,201.462514,482653.8829,640.307408,8.2,0.001439,753.784631,49744.25,1270.123626,209.345862,4.327987,4.000867,4.655107,77.384577,0.972391
107,DqCep_V_15s_099_out.FIT,99,0,58024.62989,2458024.63,2458024.63,2458024.636,NaN,1.749088,34.769346,4.88976,15,0,0,12,20,30,1.943458,0.216182,4.62574,0.002966,0.000867,0.018549,655.272805,249.385941,249.385941,578404.9992,746.459064,550.739581,145.245192,551.239581,365.254808,1124105.767,915.586423,7.247064,0.001656,1227.744033,64615.25,2694.521018,207.561355,5.262992,4.910251,5.615732,279.095181,0.980269,590.411459,310.657365,590.911459,199.842635,102814.0277,388.562765,9.76,0.004096,264.600824,7098.75,432.156111,203.680494,4.986722,4.707283,5.266161,276.686142,0.986813,64.889546,409.958902,65.389546,100.541098,475590.9716,637.353993,8.2,0.001454,746.195956,33814.25,1259.21696,211.659754,4.85436,4.552066,5.156654,76.253206,0.980439
108,DqCep_V_15s_100_out.FIT,100,0,58024.6302,2458024.63,2458024.63,2458024.636,NaN,1.746234,34.834828,5.325188,15,0,0,12,20,30,1.922867,0.216161,4.626182,0.002936,0.000865,0.018515,654.855129,249.862346,249.862346,578525.8073,745.654948,554.106628,144.709199,554.606628,365.790801,1112428,911.013829,7.258629,0.001657,1221.08794,64613,2672.983925,206.402993,5.165668,4.737415,5.593922,279.376826,0.969756,593.696847,310.086059,594.196847,200.413941,102827.4289,387.828164,9.76,0.004087,265.136569,7513.25,429.925885,202.431573,4.746596,4.298068,5.195125,88.0886,0.964756,68.230382,409.444369,68.730382,101.055631,475698.3785,636.859967,8.2,0.001453,746.943446,41154.75,1264.826327,212.396287,4.649183,4.240708,5.057659,77.323213,0.962767
